,Training Median
net profit / total assets,0.07563149999999999
total liabilities / total assets,0.48612
working capital / total assets,0.175335
current assets / short-term liabilities,1.4885
[(cash + short-term securities + receivables - short-term liabilities) / (operating expenses - depreciation)] * 365,-5.6655999999999995
retained earnings / total assets,0.0
EBIT / total assets,0.0898585
book value of equity / total liabilities,1.0009
sales / total assets,1.2068
equity / total assets,0.48894499999999996
(gross profit + extraordinary items + financial expenses) / total assets,0.10214
gross profit / short-term liabilities,0.24360500000000002
(gross profit + depreciation) / sales,0.080743
(gross profit + interest) / total assets,0.0898585
(total liabilities * 365) / (gross profit + depreciation),940.66
(gross profit + depreciation) / total liabilities,0.30444
total assets / total liabilities,2.0502
gross profit / total assets,0.0898585
gross profit / sales,0.049511
(inventory * 365) / sales,35.596
sales (n) / sales (n-1),1.1346
profit on operating activities / total assets,0.0865085
net profit / sales,0.041892
gross profit (in 3 years) / total assets,0.1641
(equity - share capital) / total assets,0.394785
(net profit + depreciation) / total liabilities,0.27009
profit on operating activities / financial expenses,1.2925499999999999
working capital / fixed assets,0.43737
logarithm of total assets,4.12645
(total liabilities - cash) / sales,0.20839
(gross profit + interest) / sales,0.055875
(current liabilities * 365) / cost of products sold,75.685
operating expenses / short-term liabilities,4.7893
operating expenses / total liabilities,1.7357
profit on sales / total assets,0.0852935
total sales / total assets,1.8201
(current assets - inventories) / long-term liabilities,3.3544
constant capital / total assets,0.58943
profit on sales / sales,0.046222
(current assets - inventory - receivables) / short-term liabilities,0.15146500000000002
total liabilities / ((profit on operating activities + depreciation) * (12/365)),0.089658
profit on operating activities / sales,0.047408
rotation receivables + inventory turnover in days,94.612
(receivables * 365) / sales,51.968
net profit / inventory,0.41198
(current assets - inventory) / short-term liabilities,0.960655
(inventory * 365) / cost of products sold,39.0185
EBITDA (profit on operating activities - depreciation) / total assets,0.0417705
EBITDA (profit on operating activities - depreciation) / sales,0.022348
current assets / total liabilities,1.1742
short-term liabilities / total assets,0.363315
(short-term liabilities * 365) / cost of products sold),0.2071
equity / fixed assets,1.1755
constant capital / fixed assets,1.3526
working capital,1540.0
(sales - cost of products sold) / sales,0.06196
(current assets - inventory - short-term liabilities) / (sales - gross profit - depreciation),0.17574499999999998
total costs /total sales,0.93984
long-term liabilities / equity,0.030313
sales / inventory,10.062
sales / receivables,7.00845
(short-term liabilities *365) / sales,68.475
sales / short-term liabilities,5.3096
sales / fixed assets,4.6746
